"model","file","name","value","min","max","module","group"
"glm_aed","met","MET_radlwd",1.07648,0.502477,1.07648,"hydrodynamic","NA"
"glm_aed","met","MET_radswd",0.93449,0.792781,1.04363,"hydrodynamic","NA"
"glm_aed","met","MET_wndspd",1.18392,0.5,1.18392,"hydrodynamic","NA"
"glm_aed","glm3.nml","light/Kw",0.726912,0.665045,2.01427,"hydrodynamic","NA"
"glm_aed","glm3.nml","mixing/coef_mix_conv",0.145674,0.112523,0.16617,"hydrodynamic","NA"
"glm_aed","glm3.nml","mixing/coef_mix_hyp",0.751066,0.470792,0.786126,"hydrodynamic","NA"
"glm_aed","glm3.nml","mixing/coef_mix_shear",0.134766,0.10904,0.1897,"hydrodynamic","NA"
"glm_aed","glm3.nml","mixing/coef_mix_turb",0.343428,0.2,0.632531,"hydrodynamic","NA"
"glm_aed","glm3.nml","mixing/coef_wind_stir",0.284895,0.22087,0.3,"hydrodynamic","NA"
"glm_aed","wdr","outflow",1.01963,1.01963,1.05014,"hydrodynamic","NA"
"gotm_wet","met","MET_cldcvr",1.38676,0.810139,1.5,"hydrodynamic","NA"
"gotm_wet","met","MET_radswd",1.0285,0.865562,1.1,"hydrodynamic","NA"
"gotm_wet","met","MET_wndspd",0.785556,0.5,1.34521,"hydrodynamic","NA"
"gotm_wet","gotm.yaml","light_extinction/A/constant_value",0.522035,0.395809,0.636271,"hydrodynamic","NA"
"gotm_wet","gotm.yaml","light_extinction/g1/constant_value",0.504585,0.492733,0.702092,"hydrodynamic","NA"
"gotm_wet","gotm.yaml","light_extinction/g2/constant_value",3.59404,0.931302,5.04762,"hydrodynamic","NA"
"gotm_wet","wdr","outflow",1.05629,1.05411,1.06234,"hydrodynamic","NA"
"gotm_wet","gotm.yaml","turbulence/turb_param/k_min",4.30476e-06,1.82435e-06,8.2288e-06,"hydrodynamic","NA"
